0.7205077358835921,0.011089707276697225,0.701745194455359,0.0044743814075849375,"[4.48163269e-84 2.84595907e-68 5.90902782e-33 1.50230312e-24
 1.01685894e-08 1.09797946e-05 4.99977706e-01 2.26085970e-05
 4.99977706e-01 1.09797946e-05 1.01685894e-08 1.50230312e-24
 5.90902782e-33 0.00000000e+00 0.00000000e+00]","[0.00000000e+000 5.95774238e-108 4.98368407e-065 5.78941987e-044
 1.73830983e-026 1.05333598e-011 2.22840931e-005 9.99955432e-001
 2.22840931e-005 1.05333598e-011 1.73830983e-026 5.78941952e-044
 4.98368407e-065 0.00000000e+000 0.00000000e+000]","[[0.00000000e+000 6.70271078e-119 1.12864376e-113 1.02728213e-113
  0.00000000e+000 0.00000000e+000 0.00000000e+000 0.00000000e+000]
 [5.95774238e-108 4.98368407e-065 2.89470994e-044 2.46656056e-027
  7.68356113e-022 7.51151562e-025 5.90902782e-033 0.00000000e+000]
 [8.91727924e-089 2.89470994e-044 1.24499772e-026 5.26667990e-012
  5.48989729e-006 1.01685894e-008 7.51151562e-025 0.00000000e+000]
 [5.93537449e-075 2.46656056e-027 5.26667990e-012 1.13042985e-005
  4.99977706e-001 5.48989729e-006 7.68356113e-022 0.00000000e+000]
 [2.58319277e-068 7.68356113e-022 5.48989729e-006 4.99977706e-001
  1.13042985e-005 5.26667990e-012 2.46656056e-027 0.00000000e+000]
 [1.44142845e-063 7.51151562e-025 1.01685894e-008 5.48989729e-006
  5.26667990e-012 1.24499772e-026 2.89470976e-044 0.00000000e+000]
 [2.84595907e-068 5.90902782e-033 7.51151562e-025 7.68356113e-022
  2.46656056e-027 2.89470976e-044 4.98368407e-065 0.00000000e+000]
 [4.48163269e-084 8.10259039e-090 1.25259170e-107 0.00000000e+000
  0.00000000e+000 0.00000000e+000 0.00000000e+000 0.00000000e+000]]","[1.47659660e-42 1.24460753e-34 5.36169062e-17 1.21232498e-12
 7.03355083e-05 3.26925834e-03 4.93343497e-01 6.63381826e-03
 4.93343497e-01 3.26925834e-03 7.03355083e-05 1.21232498e-12
 5.36169062e-17 0.00000000e+00 0.00000000e+00]","[0.00000000e+00 2.33151448e-54 4.92401066e-33 2.37440809e-22
 1.73619448e-13 3.20178691e-06 6.58616747e-03 9.86821261e-01
 6.58616747e-03 3.20178691e-06 1.73619448e-13 2.37440804e-22
 4.92401066e-33 0.00000000e+00 0.00000000e+00]","[[0.00000000e+00 5.93136220e-60 2.34440236e-57 2.23557168e-57
  0.00000000e+00 0.00000000e+00 0.00000000e+00 0.00000000e+00]
 [2.33150854e-54 4.92401066e-33 1.18720405e-22 3.46411853e-14
  1.93357374e-11 6.06162489e-13 5.36169062e-17 0.00000000e+00]
 [9.99977421e-45 1.18720405e-22 1.04337077e-13 1.60087412e-06
  1.63462917e-03 7.03354696e-05 6.06162490e-13 0.00000000e+00]
 [7.57395827e-38 3.46411853e-14 1.60087412e-06 3.31690913e-03
  4.93340295e-01 1.63462917e-03 1.93357374e-11 0.00000000e+00]
 [2.26009032e-34 1.93357374e-11 1.63462917e-03 4.93340295e-01
  3.31690913e-03 1.60087412e-06 3.46411853e-14 0.00000000e+00]
 [3.88689998e-32 6.06162489e-13 7.03354696e-05 1.63462917e-03
  1.60087412e-06 1.04337077e-13 1.18720401e-22 0.00000000e+00]
 [1.24460753e-34 5.36169062e-17 6.06162490e-13 1.93357374e-11
  3.46411853e-14 1.18720403e-22 4.92401066e-33 0.00000000e+00]
 [1.47659660e-42 1.98595211e-45 2.60814499e-54 0.00000000e+00
  0.00000000e+00 0.00000000e+00 0.00000000e+00 0.00000000e+00]]"
0.7280592234273452,0.01427047277317428,0.704376134389698,0.005932227778567056,"[8.43058509e-84 5.16689206e-68 3.26972232e-31 1.73835032e-23
 2.96736112e-08 1.73619293e-05 4.99964345e-01 3.65268954e-05
 4.99964345e-01 1.73619293e-05 2.96736112e-08 1.73835032e-23
 3.26972232e-31 0.00000000e+00 0.00000000e+00]","[0.00000000e+000 1.48537466e-105 4.71193896e-065 2.18741910e-042
 1.69954865e-025 2.58046622e-011 3.56253770e-005 9.99928749e-001
 3.56253770e-005 2.58046622e-011 1.69954865e-025 2.18741908e-042
 4.71193877e-065 0.00000000e+000 0.00000000e+000]","[[0.00000000e+000 8.99274846e-120 8.40712065e-111 2.95006964e-114
  0.00000000e+000 0.00000000e+000 0.00000000e+000 0.00000000e+000]
 [1.48537466e-105 4.71193896e-065 1.09370955e-042 1.93095146e-026
  4.09720422e-021 8.69175158e-024 3.26972232e-031 0.00000000e+000]
 [6.53604671e-088 1.09370955e-042 1.31335836e-025 1.29023311e-011
  8.68096465e-006 2.96736112e-008 8.69175158e-024 0.00000000e+000]
 [6.19114283e-074 1.93095146e-026 1.29023311e-011 1.82634477e-005
  4.99964345e-001 8.68096465e-006 4.09720422e-021 0.00000000e+000]
 [1.58877570e-066 4.09720422e-021 8.68096465e-006 4.99964345e-001
  1.82634477e-005 1.29023311e-011 1.93095146e-026 0.00000000e+000]
 [1.08755944e-063 8.69175158e-024 2.96736112e-008 8.68096465e-006
  1.29023311e-011 1.31335836e-025 1.09370954e-042 0.00000000e+000]
 [5.16689206e-068 3.26972232e-031 8.69175158e-024 4.09720422e-021
  1.93095146e-026 1.09370954e-042 4.71193877e-065 0.00000000e+000]
 [8.43058509e-084 2.12794572e-090 5.61027192e-105 0.00000000e+000
  0.00000000e+000 0.00000000e+000 0.00000000e+000 0.00000000e+000]]","[2.01758949e-42 1.68829672e-34 3.97337344e-16 4.11381425e-12
 1.19698851e-04 4.09588088e-03 4.91584748e-01 8.39934501e-03
 4.91584748e-01 4.09588088e-03 1.19698851e-04 4.11381425e-12
 3.97337344e-16 0.00000000e+00 0.00000000e+00]","[0.00000000e+00 3.52444855e-53 4.76983961e-33 1.45410237e-21
 5.22271559e-13 4.99283791e-06 8.29555339e-03 9.83398908e-01
 8.29555339e-03 4.99283791e-06 5.22271559e-13 1.45410236e-21
 4.76983952e-33 0.00000000e+00 0.00000000e+00]","[[0.00000000e+00 2.25330205e-60 6.38150077e-56 1.19349357e-57
  0.00000000e+00 0.00000000e+00 0.00000000e+00 0.00000000e+00]
 [3.52444832e-53 4.76983961e-33 7.27051185e-22 9.65594418e-14
  4.44843545e-11 2.05690712e-12 3.97337344e-16 0.00000000e+00]
 [2.47678209e-44 7.27051185e-22 3.29152676e-13 2.49637447e-06
  2.04794044e-03 1.19698762e-04 2.05690712e-12 0.00000000e+00]
 [2.27411280e-37 9.65594418e-14 2.49637447e-06 4.19967251e-03
  4.91579755e-01 2.04794044e-03 4.44843545e-11 0.00000000e+00]
 [1.29933735e-33 4.44843545e-11 2.04794044e-03 4.91579755e-01
  4.19967251e-03 2.49637447e-06 9.65594418e-14 0.00000000e+00]
 [3.02179933e-32 2.05690712e-12 1.19698762e-04 2.04794044e-03
  2.49637447e-06 3.29152676e-13 7.27051181e-22 0.00000000e+00]
 [1.68829672e-34 3.97337344e-16 2.05690712e-12 4.44843545e-11
  9.65594418e-14 7.27051182e-22 4.76983952e-33 0.00000000e+00]
 [2.01758949e-42 1.01494487e-45 5.36540071e-53 0.00000000e+00
  0.00000000e+00 0.00000000e+00 0.00000000e+00 0.00000000e+00]]"
0.7372349303715481,0.01822606890098577,0.7077358885383624,0.007863978376712932,"[1.87721976e-84 3.66897230e-69 1.36598960e-29 1.76359166e-22
 8.15565273e-08 2.65401365e-05 4.99944424e-01 5.79079314e-05
 4.99944424e-01 2.65401365e-05 8.15565273e-08 1.76359166e-22
 1.36598960e-29 0.00000000e+00 0.00000000e+00]","[0.00000000e+000 5.10414451e-104 2.27993725e-063 6.37615407e-041
 1.49769109e-024 5.97129624e-011 5.54941022e-005 9.99889012e-001
 5.54941022e-005 5.97129624e-011 1.49769109e-024 6.37615373e-041
 2.26504673e-063 0.00000000e+000 0.00000000e+000]","[[0.00000000e+000 9.85360840e-119 6.07797472e-108 9.88974112e-112
  0.00000000e+000 0.00000000e+000 0.00000000e+000 0.00000000e+000]
 [5.10414451e-104 2.27993725e-063 3.18807703e-041 1.25043572e-025
  1.89362617e-020 8.81795830e-023 1.36598960e-029 0.00000000e+000]
 [1.31684607e-086 3.18807703e-041 1.24760395e-024 2.98564812e-011
  1.32700683e-005 8.15565273e-008 8.81795830e-023 0.00000000e+000]
 [9.54361459e-073 1.25043572e-025 2.98564812e-011 2.89539657e-005
  4.99944424e-001 1.32700683e-005 1.89362617e-020 0.00000000e+000]
 [2.01937265e-067 1.89362617e-020 1.32700683e-005 4.99944424e-001
  2.89539657e-005 2.98564812e-011 1.25043572e-025 0.00000000e+000]
 [6.75666848e-063 8.81795830e-023 8.15565273e-008 1.32700683e-005
  2.98564812e-011 1.24760395e-024 3.18807686e-041 0.00000000e+000]
 [3.66897230e-069 1.36598960e-029 8.81795830e-023 1.89362617e-020
  1.25043572e-025 3.18807686e-041 2.26504673e-063 0.00000000e+000]
 [1.87721976e-084 1.42852861e-088 1.55661322e-103 0.00000000e+000
  0.00000000e+000 0.00000000e+000 0.00000000e+000 0.00000000e+000]]","[9.47695956e-43 5.95441972e-35 2.55643742e-15 1.30629445e-11
 1.97534125e-04 5.04147257e-03 4.89499655e-01 1.05226760e-02
 4.89499655e-01 5.04147257e-03 1.97534125e-04 1.30629445e-11
 2.55643742e-15 0.00000000e+00 0.00000000e+00]","[0.00000000e+00 1.89834276e-52 3.30272882e-32 7.81516950e-21
 1.46671666e-12 7.56107037e-06 1.03028106e-02 9.79379257e-01
 1.03028106e-02 7.56107037e-06 1.46671666e-12 7.81516929e-21
 3.29192591e-32 0.00000000e+00 0.00000000e+00]","[[0.00000000e+00 6.86749751e-60 1.70526896e-54 2.17522372e-56
  0.00000000e+00 0.00000000e+00 0.00000000e+00 0.00000000e+00]
 [1.89834269e-52 3.30272882e-32 3.90758475e-21 2.44596682e-13
  9.52045730e-11 6.53147225e-12 2.55643742e-15 0.00000000e+00]
 [1.09582706e-43 3.90758475e-21 9.77523291e-13 3.78043998e-06
  2.52073629e-03 1.97533935e-04 6.53147225e-12 0.00000000e+00]
 [7.63237663e-37 2.44596682e-13 3.78043998e-06 5.26133798e-03
  4.89492094e-01 2.52073629e-03 9.52045730e-11 0.00000000e+00]
 [5.07779335e-34 9.52045730e-11 2.52073629e-03 4.89492094e-01
  5.26133798e-03 3.78043998e-06 2.44596682e-13 0.00000000e+00]
 [6.26265619e-32 6.53147225e-12 1.97533935e-04 2.52073629e-03
  3.78043998e-06 9.77523291e-13 3.90758465e-21 0.00000000e+00]
 [5.95441972e-35 2.55643742e-15 6.53147225e-12 9.52045730e-11
  2.44596682e-13 3.90758465e-21 3.29192591e-32 0.00000000e+00]
 [9.47695956e-43 8.29897133e-45 2.76207827e-52 0.00000000e+00
  0.00000000e+00 0.00000000e+00 0.00000000e+00 0.00000000e+00]]"
0.7484934272485296,0.02323141932531947,0.7120875491181434,0.010492650791959046,"[2.26923016e-83 3.01723224e-68 4.41038348e-28 1.59812512e-21
 2.12435178e-07 3.92905712e-05 4.99914857e-01 9.12803758e-05
 4.99914857e-01 3.92905712e-05 2.12435178e-07 1.59812512e-21
 4.41038348e-28 0.00000000e+00 0.00000000e+00]","[0.00000000e+000 1.50909742e-103 2.52036542e-061 1.48555295e-039
 1.24873409e-023 1.32017048e-010 8.49307591e-005 9.99830138e-001
 8.49307591e-005 1.32017048e-010 1.24873409e-023 1.48555293e-039
 2.45528146e-061 0.00000000e+000 0.00000000e+000]","[[0.00000000e+000 2.62376956e-116 3.00660669e-106 5.84744851e-111
  0.00000000e+000 0.00000000e+000 0.00000000e+000 0.00000000e+000]
 [1.50909742e-103 2.52036542e-061 7.42776476e-040 6.80792248e-025
  7.68979142e-020 7.99062561e-022 4.41038348e-028 0.00000000e+000]
 [2.61134248e-086 7.42776476e-040 1.11257564e-023 6.60085241e-011
  1.96452856e-005 2.12435178e-007 7.99062561e-022 0.00000000e+000]
 [4.25687878e-073 6.80792248e-025 6.60085241e-011 4.56401879e-005
  4.99914857e-001 1.96452856e-005 7.68979142e-020 0.00000000e+000]
 [6.16931216e-067 7.68979142e-020 1.96452856e-005 4.99914857e-001
  4.56401879e-005 6.60085241e-011 6.80792248e-025 0.00000000e+000]
 [4.91615234e-063 7.99062561e-022 2.12435178e-007 1.96452856e-005
  6.60085241e-011 1.11257564e-023 7.42776466e-040 0.00000000e+000]
 [3.01723224e-068 4.41038348e-028 7.99062561e-022 7.68979142e-020
  6.80792248e-025 7.42776466e-040 2.45528146e-061 0.00000000e+000]
 [2.26923016e-083 6.28199926e-087 3.26246554e-102 0.00000000e+000
  0.00000000e+000 0.00000000e+000 0.00000000e+000 0.00000000e+000]]","[3.27646845e-42 1.33188456e-34 1.44445792e-14 3.91614461e-11
 3.17016613e-04 6.10063071e-03 4.87022840e-01 1.31190260e-02
 4.87022840e-01 6.10063071e-03 3.17016613e-04 3.91614461e-11
 1.44445792e-14 0.00000000e+00 0.00000000e+00]","[0.00000000e+00 2.80948359e-52 3.45301507e-31 3.75119690e-20
 3.92577800e-12 1.11810610e-05 1.26601437e-02 9.74657350e-01
 1.26601437e-02 1.11810610e-05 3.92577800e-12 3.75119688e-20
 3.40813947e-31 0.00000000e+00 0.00000000e+00]","[[0.00000000e+00 1.12278531e-58 1.19266029e-53 5.25956614e-56
  0.00000000e+00 0.00000000e+00 0.00000000e+00 0.00000000e+00]
 [2.80948246e-52 3.45301507e-31 1.87559845e-20 5.67528716e-13
  1.90804768e-10 1.95807230e-11 1.44445792e-14 0.00000000e+00]
 [1.64459501e-43 1.87559845e-20 2.79072057e-12 5.59033970e-06
  3.05031535e-03 3.17016232e-04 1.95807230e-11 0.00000000e+00]
 [5.90935991e-37 5.67528716e-13 5.59033970e-06 6.55951298e-03
  4.87011659e-01 3.05031535e-03 1.90804768e-10 0.00000000e+00]
 [1.05904063e-33 1.90804768e-10 3.05031535e-03 4.87011659e-01
  6.55951298e-03 5.59033970e-06 5.67528716e-13 0.00000000e+00]
 [5.86244853e-32 1.95807230e-11 3.17016232e-04 3.05031535e-03
  5.59033970e-06 2.79072057e-12 1.87559844e-20 0.00000000e+00]
 [1.33188456e-34 1.44445792e-14 1.95807230e-11 1.90804768e-10
  5.67528716e-13 1.87559844e-20 3.40813947e-31 0.00000000e+00]
 [3.27646845e-42 5.45190477e-44 1.24334962e-51 0.00000000e+00
  0.00000000e+00 0.00000000e+00 0.00000000e+00 0.00000000e+00]]"
0.762552659165324,0.02973874658657305,0.7178022061406205,0.014190860609364031,"[1.29959402e-82 2.98456391e-69 1.10107083e-26 1.29392599e-20
 5.23720047e-07 5.61569319e-05 4.99870393e-01 1.45852973e-04
 4.99870393e-01 5.61569319e-05 5.23720047e-07 1.29392599e-20
 1.10107083e-26 0.00000000e+00 0.00000000e+00]","[0.00000000e+000 4.16473930e-103 1.87737741e-059 2.83092609e-038
 1.02927190e-022 2.81311169e-010 1.29083418e-004 9.99741833e-001
 1.29083418e-004 2.81311169e-010 1.02927190e-022 2.83092612e-038
 1.87768899e-059 0.00000000e+000 0.00000000e+000]","[[0.00000000e+000 2.25067989e-114 3.16976411e-106 6.91351429e-110
  0.00000000e+000 0.00000000e+000 0.00000000e+000 0.00000000e+000]
 [4.16473930e-103 1.87737741e-059 1.41546304e-038 3.12738954e-024
  2.74952490e-019 6.46962996e-021 1.10107083e-026 0.00000000e+000]
 [1.93305836e-085 1.41546304e-038 9.66724105e-023 1.40655584e-010
  2.80784660e-005 5.23720047e-007 6.46962996e-021 0.00000000e+000]
 [3.99891066e-072 3.12738954e-024 1.40655584e-010 7.29264863e-005
  4.99870393e-001 2.80784660e-005 2.74952490e-019 0.00000000e+000]
 [8.60189595e-067 2.74952490e-019 2.80784660e-005 4.99870393e-001
  7.29264863e-005 1.40655584e-010 3.12738954e-024 0.00000000e+000]
 [2.68296897e-063 6.46962996e-021 5.23720047e-007 2.80784660e-005
  1.40655584e-010 9.66724105e-023 1.41546306e-038 0.00000000e+000]
 [2.98456391e-069 1.10107083e-026 6.46962996e-021 2.74952490e-019
  3.12738954e-024 1.41546306e-038 1.87768899e-059 0.00000000e+000]
 [1.29959402e-082 1.38230669e-087 2.16535268e-101 0.00000000e+000
  0.00000000e+000 0.00000000e+000 0.00000000e+000 0.00000000e+000]]","[7.78605820e-42 4.35925686e-35 7.16673625e-14 1.10790365e-10
 4.94272952e-04 7.24396420e-03 4.84061416e-01 1.64006929e-02
 4.84061416e-01 7.24396420e-03 4.94272952e-04 1.10790365e-10
 7.16673625e-14 0.00000000e+00 0.00000000e+00]","[0.00000000e+00 4.99758063e-52 2.95930404e-30 1.62605896e-19
 1.02305202e-11 1.62108223e-05 1.54443108e-02 9.69078957e-01
 1.54443108e-02 1.62108223e-05 1.02305202e-11 1.62605896e-19
 2.95954961e-30 0.00000000e+00 0.00000000e+00]","[[0.00000000e+00 1.03150541e-57 1.21609825e-53 1.79582175e-55
  0.00000000e+00 0.00000000e+00 0.00000000e+00 0.00000000e+00]
 [4.99757032e-52 2.95930404e-30 8.13029478e-20 1.20789056e-12
  3.58357577e-10 5.53951823e-11 7.16673625e-14 0.00000000e+00]
 [3.60057697e-43 8.13029478e-20 7.81473906e-12 8.10505280e-06
  3.62198210e-03 4.94272235e-04 5.53951823e-11 0.00000000e+00]
 [1.98924149e-36 1.20789056e-12 8.10505280e-06 8.20034645e-03
  4.84045206e-01 3.62198210e-03 3.58357577e-10 0.00000000e+00]
 [1.02283399e-33 3.58357577e-10 3.62198210e-03 4.84045206e-01
  8.20034645e-03 8.10505280e-06 1.20789056e-12 0.00000000e+00]
 [4.35535305e-32 5.53951823e-11 4.94272235e-04 3.62198210e-03
  8.10505280e-06 7.81473906e-12 8.13029482e-20 0.00000000e+00]
 [4.35925686e-35 7.16673625e-14 5.53951823e-11 3.58357577e-10
  1.20789056e-12 8.13029482e-20 2.95954961e-30 0.00000000e+00]
 [7.78605820e-42 2.55789035e-44 3.18152654e-51 0.00000000e+00
  0.00000000e+00 0.00000000e+00 0.00000000e+00 0.00000000e+00]]"
0.780664218989018,0.038550357088693255,0.7253280024496898,0.019602769907281825,"[2.62906571e-82 1.61161709e-67 2.05930343e-25 9.10708874e-20
 1.20438578e-06 7.65462175e-05 4.99799914e-01 2.44671539e-04
 4.99799914e-01 7.65462175e-05 1.20438578e-06 9.10708874e-20
 2.05930343e-25 0.00000000e+00 0.00000000e+00]","[0.00000000e+000 3.10972143e-102 1.04251832e-057 4.45993590e-037
 8.70137038e-022 5.81347944e-010 1.98881987e-004 9.99602235e-001
 1.98881987e-004 5.81347944e-010 8.70137038e-022 4.45993590e-037
 1.04328755e-057 0.00000000e+000 0.00000000e+000]","[[0.00000000e+000 8.89010664e-115 9.80395937e-103 6.64840169e-109
  0.00000000e+000 0.00000000e+000 0.00000000e+000 0.00000000e+000]
 [3.10972143e-102 1.04251832e-057 2.22996795e-037 1.19550994e-023
  8.51884567e-019 4.55354437e-020 2.05930343e-025 0.00000000e+000]
 [2.03218248e-084 2.22996795e-037 8.46226839e-022 2.90673971e-010
  3.82731087e-005 1.20438578e-006 4.55354437e-020 0.00000000e+000]
 [2.16680204e-072 1.19550994e-023 2.90673971e-010 1.22335770e-004
  4.99799913e-001 3.82731087e-005 8.51884567e-019 0.00000000e+000]
 [6.63179711e-067 8.51884567e-019 3.82731087e-005 4.99799913e-001
  1.22335770e-004 2.90673971e-010 1.19550994e-023 0.00000000e+000]
 [9.74279234e-064 4.55354437e-020 1.20438578e-006 3.82731087e-005
  2.90673971e-010 8.46226839e-022 2.22996795e-037 0.00000000e+000]
 [1.61161709e-067 2.05930343e-025 4.55354437e-020 8.51884567e-019
  1.19550994e-023 2.22996795e-037 1.04328755e-057 0.00000000e+000]
 [2.62906571e-082 1.20476398e-087 3.62097897e-100 0.00000000e+000
  0.00000000e+000 0.00000000e+000 0.00000000e+000 0.00000000e+000]]","[1.09744216e-41 3.04211205e-34 3.07143331e-13 2.91508403e-10
 7.42796065e-04 8.38379236e-03 4.80467302e-01 2.08122195e-02
 4.80467302e-01 8.38379236e-03 7.42796065e-04 2.91508403e-10
 3.07143331e-13 0.00000000e+00 0.00000000e+00]","[0.00000000e+00 1.69421112e-51 2.18535887e-29 6.39572519e-19
 2.65745144e-11 2.31019339e-05 1.87899024e-02 9.62373991e-01
 1.87899024e-02 2.31019339e-05 2.65745144e-11 6.39572519e-19
 2.18616497e-29 0.00000000e+00 0.00000000e+00]","[[0.00000000e+00 6.58861805e-58 6.70164912e-52 5.51873505e-55
  0.00000000e+00 0.00000000e+00 0.00000000e+00 0.00000000e+00]
 [1.69421046e-51 2.18535887e-29 3.19786259e-19 2.34042863e-12
  6.25345807e-10 1.45754202e-10 3.07143331e-13 0.00000000e+00]
 [1.53365675e-42 3.19786259e-19 2.18936571e-11 1.15503416e-05
  4.19189618e-03 7.42794815e-04 1.45754202e-10 0.00000000e+00]
 [1.41921012e-36 2.34042863e-12 1.15503416e-05 1.04061097e-02
  4.80444201e-01 4.19189618e-03 6.25345807e-10 0.00000000e+00]
 [1.08200010e-33 6.25345807e-10 4.19189618e-03 4.80444201e-01
  1.04061097e-02 1.15503416e-05 2.34042863e-12 0.00000000e+00]
 [2.91622632e-32 1.45754202e-10 7.42794815e-04 4.19189618e-03
  1.15503416e-05 2.18936571e-11 3.19786259e-19 0.00000000e+00]
 [3.04211205e-34 3.07143331e-13 1.45754202e-10 6.25345807e-10
  2.34042863e-12 3.19786259e-19 2.18616497e-29 0.00000000e+00]
 [1.09744216e-41 2.37968537e-44 1.37866084e-50 0.00000000e+00
  0.00000000e+00 0.00000000e+00 0.00000000e+00 0.00000000e+00]]"
0.8053747661433005,0.05120569117712892,0.7347384171054702,0.027836964918754536,"[6.18755071e-82 8.15971138e-68 2.63540079e-24 5.14621716e-19
 2.47173541e-06 9.61966124e-05 4.99669760e-01 4.63144004e-04
 4.99669760e-01 9.61966124e-05 2.47173541e-06 5.14621716e-19
 2.63540079e-24 0.00000000e+00 0.00000000e+00]","[0.00000000e+000 2.08670881e-101 4.25283562e-056 5.76731151e-036
 7.74237857e-021 1.16725378e-009 3.27768615e-004 9.99344460e-001
 3.27768615e-004 1.16725378e-009 7.74237857e-021 5.76731151e-036
 4.25460138e-056 0.00000000e+000 0.00000000e+000]","[[0.00000000e+000 1.28357776e-114 3.56303292e-103 2.93023595e-109
  0.00000000e+000 0.00000000e+000 0.00000000e+000 0.00000000e+000]
 [2.08670881e-101 4.25283562e-056 2.88365575e-036 3.63048204e-023
  2.16668901e-018 2.57310858e-019 2.63540079e-024 0.00000000e+000]
 [2.36719736e-083 2.88365575e-036 7.66976893e-021 5.83626886e-010
  4.80983062e-005 2.47173541e-006 2.57310858e-019 0.00000000e+000]
 [5.59488198e-072 3.63048204e-023 5.83626886e-010 2.31572002e-004
  4.99669758e-001 4.80983062e-005 2.16668901e-018 0.00000000e+000]
 [2.59318959e-066 2.16668901e-018 4.80983062e-005 4.99669758e-001
  2.31572002e-004 5.83626886e-010 3.63048204e-023 0.00000000e+000]
 [7.45534888e-064 2.57310858e-019 2.47173541e-006 4.80983062e-005
  5.83626886e-010 7.66976893e-021 2.88365576e-036 0.00000000e+000]
 [8.15971138e-068 2.63540079e-024 2.57310858e-019 2.16668901e-018
  3.63048204e-023 2.88365576e-036 4.25460138e-056 0.00000000e+000]
 [6.18755071e-082 2.27295531e-086 5.18032432e-099 0.00000000e+000
  0.00000000e+000 0.00000000e+000 0.00000000e+000 0.00000000e+000]]","[1.66293195e-41 2.24549818e-34 1.08527157e-12 6.84613900e-10
 1.05105703e-03 9.28735428e-03 4.75945108e-01 2.74329597e-02
 4.75945108e-01 9.28735428e-03 1.05105703e-03 6.84613900e-10
 1.08527157e-12 0.00000000e+00 0.00000000e+00]","[0.00000000e+00 4.28599779e-51 1.37865116e-28 2.27153866e-18
 7.05075171e-11 3.23516144e-05 2.30038348e-02 9.53927627e-01
 2.30038348e-02 3.23516144e-05 7.05075171e-11 2.27153866e-18
 1.37893733e-28 0.00000000e+00 0.00000000e+00]","[[0.00000000e+00 7.65587396e-58 3.99049881e-52 3.61881505e-55
  0.00000000e+00 0.00000000e+00 0.00000000e+00 0.00000000e+00]
 [4.28599702e-51 1.37865116e-28 1.13576933e-18 4.02866500e-12
  9.85671672e-10 3.42306950e-10 1.08527157e-12 0.00000000e+00]
 [4.66148434e-42 1.13576933e-18 6.24501871e-11 1.61748215e-05
  4.64367714e-03 1.05105506e-03 3.42306950e-10 0.00000000e+00]
 [2.55703185e-36 4.02866500e-12 1.61748215e-05 1.37164798e-02
  4.75912758e-01 4.64367714e-03 9.85671672e-10 0.00000000e+00]
 [1.74998818e-33 9.85671672e-10 4.64367714e-03 4.75912758e-01
  1.37164798e-02 1.61748215e-05 4.02866500e-12 0.00000000e+00]
 [2.55679259e-32 3.42306950e-10 1.05105506e-03 4.64367714e-03
  1.61748215e-05 6.24501871e-11 1.13576933e-18 0.00000000e+00]
 [2.24549818e-34 1.08527157e-12 3.42306950e-10 9.85671672e-10
  4.02866500e-12 1.13576933e-18 1.37893733e-28 0.00000000e+00]
 [1.66293195e-41 1.05955921e-43 4.83707756e-50 0.00000000e+00
  0.00000000e+00 0.00000000e+00 0.00000000e+00 0.00000000e+00]]"
0.8424723352676626,0.07051211171815785,0.7427468363470139,0.04026291033431184,"[7.37472416e-82 1.57694651e-68 1.83168959e-23 1.90423093e-18
 3.98800255e-06 1.01246156e-04 4.99327776e-01 1.13397936e-03
 4.99327776e-01 1.01246156e-04 3.98800255e-06 1.90423093e-18
 1.83168959e-23 0.00000000e+00 0.00000000e+00]","[0.00000000e+00 1.06595047e-97 1.22113419e-54 5.80897645e-35
 7.21581776e-20 2.24504647e-09 6.68235835e-04 9.98663524e-01
 6.68235835e-04 2.24504647e-09 7.21581776e-20 5.80897645e-35
 1.22098865e-54 0.00000000e+00 0.00000000e+00]","[[0.00000000e+000 3.96111479e-110 6.28528764e-100 3.34231546e-106
  0.00000000e+000 0.00000000e+000 0.00000000e+000 0.00000000e+000]
 [1.06595047e-097 1.22113419e-054 2.90448823e-035 7.70464387e-023
  3.86847450e-018 9.52115463e-019 1.83168959e-023 0.00000000e+000]
 [3.33742952e-082 2.90448823e-035 7.20040848e-020 1.12252323e-009
  5.06230778e-005 3.98800255e-006 9.52115463e-019 0.00000000e+000]
 [2.38215283e-072 7.70464387e-023 1.12252323e-009 5.66989680e-004
  4.99327774e-001 5.06230778e-005 3.86847450e-018 0.00000000e+000]
 [3.74177709e-066 3.86847450e-018 5.06230778e-005 4.99327774e-001
  5.66989680e-004 1.12252323e-009 7.70464387e-023 0.00000000e+000]
 [2.16833611e-063 9.52115463e-019 3.98800255e-006 5.06230778e-005
  1.12252323e-009 7.20040848e-020 2.90448822e-035 0.00000000e+000]
 [1.57694651e-068 1.83168959e-023 9.52115463e-019 3.86847450e-018
  7.70464387e-023 2.90448822e-035 1.22098865e-054 0.00000000e+000]
 [7.37472416e-082 6.32147131e-087 2.50900134e-097 0.00000000e+000
  0.00000000e+000 0.00000000e+000 0.00000000e+000 0.00000000e+000]]","[1.78210114e-41 1.16606241e-34 2.80857093e-12 1.29237193e-09
 1.31055604e-03 9.35965263e-03 4.69699915e-01 3.92597505e-02
 4.69699915e-01 9.35965263e-03 1.31055604e-03 1.29237193e-09
 2.80857093e-12 0.00000000e+00 0.00000000e+00]","[0.00000000e+00 2.62536115e-49 7.25172210e-28 7.07601923e-18
 1.93326623e-10 4.40834806e-05 2.89895290e-02 9.41932775e-01
 2.89895290e-02 4.40834806e-05 1.93326623e-10 7.07601923e-18
 7.25128993e-28 0.00000000e+00 0.00000000e+00]","[[0.00000000e+00 1.30865888e-55 1.64521580e-50 1.19972905e-53
  0.00000000e+00 0.00000000e+00 0.00000000e+00 0.00000000e+00]
 [2.62535984e-49 7.25172210e-28 3.53800961e-18 5.76165099e-12
  1.29401972e-09 6.46185966e-10 2.80857093e-12 0.00000000e+00]
 [1.28153120e-41 3.53800961e-18 1.81803321e-10 2.20404463e-05
  4.67982631e-03 1.31055346e-03 6.46185966e-10 0.00000000e+00]
 [1.70335193e-36 5.76165099e-12 2.20404463e-05 1.96298751e-02
  4.69655834e-01 4.67982631e-03 1.29401972e-09 0.00000000e+00]
 [2.32574055e-33 1.29401972e-09 4.67982631e-03 4.69655834e-01
  1.96298751e-02 2.20404463e-05 5.76165099e-12 0.00000000e+00]
 [3.94730541e-32 6.46185966e-10 1.31055346e-03 4.67982631e-03
  2.20404463e-05 1.81803321e-10 3.53800961e-18 0.00000000e+00]
 [1.16606241e-34 2.80857093e-12 6.46185966e-10 1.29401972e-09
  5.76165099e-12 3.53800961e-18 7.25128993e-28 0.00000000e+00]
 [1.78210114e-41 5.76888677e-44 3.30667795e-49 0.00000000e+00
  0.00000000e+00 0.00000000e+00 0.00000000e+00 0.00000000e+00]]"
0.8995066671065769,0.09610150948016005,0.7297328602225444,0.05237562992918021,"[4.92290867e-81 1.22416811e-67 3.74135161e-23 2.67689123e-18
 3.48524639e-06 6.70062808e-05 4.97947968e-01 3.96308068e-03
 4.97947968e-01 6.70062808e-05 3.48524639e-06 2.67689123e-18
 3.74135161e-23 0.00000000e+00 0.00000000e+00]","[0.00000000e+00 2.33975181e-96 1.92017167e-53 3.64523354e-34
 5.93992426e-19 3.77297218e-09 2.04854662e-03 9.95902899e-01
 2.04854662e-03 3.77297218e-09 5.93992426e-19 3.64523354e-34
 1.92007976e-53 0.00000000e+00 0.00000000e+00]","[[0.00000000e+000 1.01978973e-112 2.74238757e-099 3.09594285e-104
  0.00000000e+000 0.00000000e+000 0.00000000e+000 0.00000000e+000]
 [2.33975181e-096 1.92017167e-053 1.82261677e-034 7.97507183e-023
  3.06944145e-018 1.33844562e-018 3.74135161e-023 0.00000000e+000]
 [1.14207741e-081 1.82261677e-034 5.93832925e-019 1.88648609e-009
  3.35031404e-005 3.48524639e-006 1.33844562e-018 0.00000000e+000]
 [4.05761045e-071 7.97507183e-023 1.88648609e-009 1.98154034e-003
  4.97947964e-001 3.35031404e-005 3.06944145e-018 0.00000000e+000]
 [6.22446556e-066 3.06944145e-018 3.35031404e-005 4.97947964e-001
  1.98154034e-003 1.88648609e-009 7.97507183e-023 0.00000000e+000]
 [1.76030399e-064 1.33844562e-018 3.48524639e-006 3.35031404e-005
  1.88648609e-009 5.93832925e-019 1.82261677e-034 0.00000000e+000]
 [1.22416811e-067 3.74135161e-023 1.33844562e-018 3.06944145e-018
  7.97507183e-023 1.82261677e-034 1.92007976e-053 0.00000000e+000]
 [4.92290867e-081 4.24287716e-085 3.99177107e-097 0.00000000e+000
  0.00000000e+000 0.00000000e+000 0.00000000e+000 0.00000000e+000]]","[4.47492229e-41 2.46078476e-34 3.90111607e-12 1.48819445e-09
 1.19077069e-03 7.41024728e-03 4.59460899e-01 6.38761640e-02
 4.59460899e-01 7.41024728e-03 1.19077069e-03 1.48819445e-09
 3.90111607e-12 0.00000000e+00 0.00000000e+00]","[0.00000000e+00 9.95143096e-49 2.79476077e-27 1.72253041e-17
 5.08682891e-10 5.56019560e-05 3.93483302e-02 9.21192135e-01
 3.93483302e-02 5.56019560e-05 5.08682891e-10 1.72253041e-17
 2.79469388e-27 0.00000000e+00 0.00000000e+00]","[[0.00000000e+00 6.57205381e-57 3.33994671e-50 1.12220210e-52
  0.00000000e+00 0.00000000e+00 0.00000000e+00 0.00000000e+00]
 [9.95143090e-49 2.79476077e-27 8.61265206e-18 5.69830115e-12
  1.12167220e-09 7.44097226e-10 3.90111607e-12 0.00000000e+00]
 [2.40246056e-41 8.61265206e-18 4.97286289e-10 2.77998563e-05
  3.70512363e-03 1.19076844e-03 7.44097226e-10 0.00000000e+00]
 [5.92507895e-36 5.69830115e-12 2.77998563e-05 3.19380815e-02
  4.59405299e-01 3.70512363e-03 1.12167220e-09 0.00000000e+00]
 [2.80920440e-33 1.12167220e-09 3.70512363e-03 4.59405299e-01
  3.19380815e-02 2.77998563e-05 5.69830115e-12 0.00000000e+00]
 [1.53067720e-32 7.44097226e-10 1.19076844e-03 3.70512363e-03
  2.77998563e-05 4.97286289e-10 8.61265206e-18 0.00000000e+00]
 [2.46078476e-34 3.90111607e-12 7.44097226e-10 1.12167220e-09
  5.69830115e-12 8.61265206e-18 2.79469388e-27 0.00000000e+00]
 [4.47492229e-41 4.16290373e-43 4.04463628e-49 0.00000000e+00
  0.00000000e+00 0.00000000e+00 0.00000000e+00 0.00000000e+00]]"
0.9539232442179602,0.10431771416867175,0.6650411435314785,0.03878639008271212,"[1.82577296e-82 1.69033720e-68 7.41292921e-24 5.36613529e-19
 8.42095341e-07 1.70029967e-05 4.93451724e-01 1.30608612e-02
 4.93451724e-01 1.70029967e-05 8.42095341e-07 5.36613529e-19
 7.41292921e-24 0.00000000e+00 0.00000000e+00]","[0.00000000e+00 4.61079908e-98 7.69009992e-53 7.85369889e-34
 2.23743820e-18 4.23584890e-09 6.54743360e-03 9.86905124e-01
 6.54743360e-03 4.23584890e-09 2.23743820e-18 7.85369889e-34
 7.69001336e-53 0.00000000e+00 0.00000000e+00]","[[0.00000000e+000 1.55251872e-110 3.97492428e-100 1.51637946e-104
  0.00000000e+000 0.00000000e+000 0.00000000e+000 0.00000000e+000]
 [4.61079908e-098 7.69009992e-053 3.92684944e-034 2.20663384e-023
  4.63268166e-019 2.68306764e-019 7.41292921e-024 0.00000000e+000]
 [6.36837253e-082 3.92684944e-034 2.23739406e-018 2.11792445e-009
  8.50149837e-006 8.42095341e-007 2.68306764e-019 0.00000000e+000]
 [8.26170533e-072 2.20663384e-023 2.11792445e-009 6.53043060e-003
  4.93451720e-001 8.50149837e-006 4.63268166e-019 0.00000000e+000]
 [5.02877413e-066 4.63268166e-019 8.50149837e-006 4.93451720e-001
  6.53043060e-003 2.11792445e-009 2.20663384e-023 0.00000000e+000]
 [4.27665904e-064 2.68306764e-019 8.42095341e-007 8.50149837e-006
  2.11792445e-009 2.23739406e-018 3.92684944e-034 0.00000000e+000]
 [1.69033720e-068 7.41292921e-024 2.68306764e-019 4.63268166e-019
  2.20663384e-023 3.92684944e-034 7.69001336e-053 0.00000000e+000]
 [1.82577296e-082 2.20946985e-087 3.43187929e-097 0.00000000e+000
  0.00000000e+000 0.00000000e+000 0.00000000e+000 0.00000000e+000]]","[8.38651609e-42 1.00304545e-34 1.68986934e-12 6.47766290e-10
 5.69661822e-04 3.64313915e-03 4.43697872e-01 1.04178653e-01
 4.43697872e-01 3.64313915e-03 5.69661822e-04 6.47766290e-10
 1.68986934e-12 0.00000000e+00 0.00000000e+00]","[0.00000000e+00 1.71663097e-49 5.44282274e-27 2.46022996e-17
 9.37430993e-10 5.73178847e-05 5.57324655e-02 8.88420431e-01
 5.57324655e-02 5.73178847e-05 9.37430993e-10 2.46022996e-17
 5.44279211e-27 0.00000000e+00 0.00000000e+00]","[[0.00000000e+00 7.94542088e-56 1.23753233e-50 7.64296984e-53
  0.00000000e+00 0.00000000e+00 0.00000000e+00 0.00000000e+00]
 [1.71663017e-49 5.44282274e-27 1.23011498e-17 2.91799593e-12
  4.24911991e-10 3.23883145e-10 1.68986934e-12 0.00000000e+00]
 [1.82899585e-41 1.23011498e-17 9.31595001e-10 2.86585174e-05
  1.82156957e-03 5.69660972e-04 3.23883145e-10 0.00000000e+00]
 [2.83555835e-36 2.91799593e-12 2.86585174e-05 5.20893257e-02
  4.43640555e-01 1.82156957e-03 4.24911991e-10 0.00000000e+00]
 [2.65831527e-33 4.24911991e-10 1.82156957e-03 4.43640555e-01
  5.20893257e-02 2.86585174e-05 2.91799593e-12 0.00000000e+00]
 [2.16163732e-32 3.23883145e-10 5.69660972e-04 1.82156957e-03
  2.86585174e-05 9.31595001e-10 1.23011498e-17 0.00000000e+00]
 [1.00304545e-34 1.68986934e-12 3.23883145e-10 4.24911991e-10
  2.91799593e-12 1.23011498e-17 5.44279211e-27 0.00000000e+00]
 [8.38651609e-42 3.12322607e-44 3.70493688e-49 0.00000000e+00
  0.00000000e+00 0.00000000e+00 0.00000000e+00 0.00000000e+00]]"
0.9853674996633807,0.09891847516032837,0.6032573399639929,0.015061308551685304,"[3.97556417e-84 4.93847653e-70 1.55385861e-25 1.73324800e-20
 7.22540760e-08 2.31008634e-06 4.87577139e-01 2.48409582e-02
 4.87577139e-01 2.31008634e-06 7.22540760e-08 1.73324800e-20
 1.55385861e-25 0.00000000e+00 0.00000000e+00]","[0.00000000e+00 2.63289930e-97 5.45075900e-53 4.85592880e-34
 2.59883183e-18 3.13140302e-09 1.24227892e-02 9.75154415e-01
 1.24227892e-02 3.13140302e-09 2.59883183e-18 4.85592880e-34
 5.45087131e-53 0.00000000e+00 0.00000000e+00]","[[0.00000000e+000 4.13522214e-110 6.52576729e-105 4.84750968e-107
  0.00000000e+000 0.00000000e+000 0.00000000e+000 0.00000000e+000]
 [2.63289930e-097 5.45075900e-053 2.42796440e-034 2.37938294e-024
  1.57091173e-020 8.66623998e-021 1.55385861e-025 0.00000000e+000]
 [1.52676254e-080 2.42796440e-034 2.59882707e-018 1.56570151e-009
  1.15504317e-006 7.22540760e-008 8.66623998e-021 0.00000000e+000]
 [2.37501373e-071 2.37938294e-024 1.56570151e-009 1.24204791e-002
  4.87577135e-001 1.15504317e-006 1.57091173e-020 0.00000000e+000]
 [3.62609831e-065 1.57091173e-020 1.15504317e-006 4.87577135e-001
  1.24204791e-002 1.56570151e-009 2.37938294e-024 0.00000000e+000]
 [1.46419933e-062 8.66623998e-021 7.22540760e-008 1.15504317e-006
  1.56570151e-009 2.59882707e-018 2.42796440e-034 0.00000000e+000]
 [4.93847653e-070 1.55385861e-025 8.66623998e-021 1.57091173e-020
  2.37938294e-024 2.42796440e-034 5.45087131e-053 0.00000000e+000]
 [3.97556417e-084 1.59530618e-087 5.57393457e-099 0.00000000e+000
  0.00000000e+000 0.00000000e+000 0.00000000e+000 0.00000000e+000]]","[1.21823073e-42 2.10049874e-35 2.40844046e-13 1.14465811e-10
 1.64279196e-04 1.32753794e-03 4.29590673e-01 1.37835019e-01
 4.29590673e-01 1.32753794e-03 1.64279196e-04 1.14465811e-10
 2.40844046e-13 0.00000000e+00 0.00000000e+00]","[0.00000000e+00 3.46942170e-49 4.51085281e-27 1.90422637e-17
 9.88126215e-10 4.84499417e-05 7.02450465e-02 8.59413005e-01
 7.02450465e-02 4.84499417e-05 9.88126215e-10 1.90422637e-17
 4.51089928e-27 0.00000000e+00 0.00000000e+00]","[[0.00000000e+00 1.24269594e-55 4.95695837e-53 4.25392186e-54
  0.00000000e+00 0.00000000e+00 0.00000000e+00 0.00000000e+00]
 [3.46942045e-49 4.51085281e-27 9.52113187e-18 9.43441265e-13
  7.73252618e-11 5.72329054e-11 2.40844046e-13 0.00000000e+00]
 [8.09437600e-41 9.52113187e-18 9.86239333e-10 2.42248935e-05
  6.63768969e-04 1.64279042e-04 5.72329054e-11 0.00000000e+00]
 [4.83193700e-36 9.43441265e-13 2.42248935e-05 6.89175084e-02
  4.29542224e-01 6.63768969e-04 7.73252618e-11 0.00000000e+00]
 [5.29694139e-33 7.73252618e-11 6.63768969e-04 4.29542224e-01
  6.89175084e-02 2.42248935e-05 9.43441265e-13 0.00000000e+00]
 [8.19778834e-32 5.72329054e-11 1.64279042e-04 6.63768969e-04
  2.42248935e-05 9.86239333e-10 9.52113186e-18 0.00000000e+00]
 [2.10049874e-35 2.40844046e-13 5.72329054e-11 7.73252618e-11
  9.43441265e-13 9.52113186e-18 4.51089928e-27 0.00000000e+00]
 [1.21823073e-42 2.80512613e-44 4.82482957e-50 0.00000000e+00
  0.00000000e+00 0.00000000e+00 0.00000000e+00 0.00000000e+00]]"
0.26643349648167963,0.07966887067120404,0.14225016235847174,0.0309517155814166,"[3.55217873e-42 1.33120770e-34 5.16537992e-17 1.20988490e-13
 2.93849536e-04 1.05449085e-03 9.97303319e-01 1.05449085e-03
 2.93849536e-04 1.20988490e-13 5.16537992e-17 1.33120770e-34
 3.55217873e-42]","[7.67821607e-65 6.80040891e-55 1.89489212e-33 5.71476541e-20
 7.14733020e-09 1.05449085e-03 9.97891004e-01 1.05449085e-03
 7.14733020e-09 5.71476541e-20 1.89489212e-33 6.79796910e-55
 7.67821607e-65]","[[7.67821607e-65 3.40017835e-55 4.98068329e-41 9.32081433e-35
  6.14106248e-33 6.65603850e-35 3.55217873e-42]
 [3.40023055e-55 1.89489202e-33 2.85738271e-20 9.08844173e-15
  6.04942450e-14 5.16537992e-17 6.65603850e-35]
 [4.98068329e-41 2.85738271e-20 7.14731202e-09 5.27245426e-04
  2.93849536e-04 6.04942450e-14 6.14106248e-33]
 [9.32081433e-35 9.08844173e-15 5.27245426e-04 9.97303305e-01
  5.27245426e-04 9.08844173e-15 9.32081433e-35]
 [6.14106248e-33 6.04942450e-14 2.93849536e-04 5.27245426e-04
  7.14731202e-09 2.85738271e-20 4.98068327e-41]
 [6.65603850e-35 5.16537992e-17 6.04942450e-14 9.08844173e-15
  2.85738271e-20 1.89489202e-33 3.39992383e-55]
 [3.55217873e-42 6.65603849e-35 6.14106248e-33 9.32081433e-35
  4.98068327e-41 3.39804527e-55 7.67821607e-65]]","[1.64965112e-21 1.43169663e-17 6.29107469e-09 4.35890989e-07
 1.50169713e-02 4.03767858e-02 8.89211601e-01 4.03767858e-02
 1.50169713e-02 4.35890989e-07 6.29107469e-09 1.43169663e-17
 1.64965112e-21]","[7.66963800e-33 1.02084626e-27 3.81231949e-17 2.96025850e-10
 7.43263451e-05 4.03772214e-02 9.19096904e-01 4.03772214e-02
 7.43263451e-05 2.96025850e-10 3.81231949e-17 1.02079175e-27
 7.66963800e-33]","[[7.66963800e-33 5.10420584e-28 6.17809773e-21 8.50211432e-18
  6.94979629e-17 7.15848316e-18 1.64965112e-21]
 [5.10425679e-28 3.81108387e-17 1.48012916e-10 8.38921431e-08
  2.17945495e-07 6.29107455e-09 7.15848316e-18]
 [6.17809773e-21 1.48012916e-10 7.41585608e-05 2.01883928e-02
  1.50168035e-02 2.17945495e-07 6.94979629e-17]
 [8.50211432e-18 8.38921431e-08 2.01883928e-02 8.89063284e-01
  2.01883928e-02 8.38921431e-08 8.50211433e-18]
 [6.94979629e-17 2.17945495e-07 1.50168035e-02 2.01883928e-02
  7.41585608e-05 1.48012916e-10 6.17809772e-21]
 [7.15848316e-18 6.29107455e-09 2.17945495e-07 8.38921431e-08
  1.48012916e-10 3.81108387e-17 5.10531286e-28]
 [1.64965112e-21 7.15848316e-18 6.94979629e-17 8.50211433e-18
  6.17809772e-21 5.10260464e-28 7.66963800e-33]]"
0.18835891710011005,0.05631820332171608,0.08992628691489156,0.016941807693252348,"[4.71073367e-45 4.38987607e-37 8.63330066e-19 4.95125222e-15
 8.10885059e-05 6.49467705e-04 9.98538888e-01 6.49467705e-04
 8.10885059e-05 4.95125222e-15 8.63330066e-19 4.38987607e-37
 4.71073367e-45]","[8.28593853e-65 6.11044987e-56 3.09867998e-34 1.54766397e-20
 4.09112993e-09 6.49467705e-04 9.98701056e-01 6.49467705e-04
 4.09112993e-09 1.54766397e-20 3.09867998e-34 6.11170565e-56
 8.28593853e-65]","[[8.28593853e-65 3.05519713e-56 3.66652889e-42 1.32784610e-36
  3.94899471e-35 2.19493802e-37 4.71073367e-45]
 [3.05525274e-56 3.09867991e-34 7.73831986e-21 1.11526219e-15
  2.47562611e-15 8.63330066e-19 2.19493804e-37]
 [3.66652889e-42 7.73831986e-21 4.09112770e-09 3.24733853e-04
  8.10885059e-05 2.47562611e-15 3.94899467e-35]
 [1.32784610e-36 1.11526219e-15 3.24733853e-04 9.98538879e-01
  3.24733853e-04 1.11526219e-15 1.32784611e-36]
 [3.94899471e-35 2.47562611e-15 8.10885059e-05 3.24733853e-04
  4.09112770e-09 7.73831986e-21 3.66652881e-42]
 [2.19493802e-37 8.63330066e-19 2.47562611e-15 1.11526219e-15
  7.73831986e-21 3.09867991e-34 3.05601561e-56]
 [4.71073367e-45 2.19493804e-37 3.94899467e-35 1.32784611e-36
  3.66652881e-42 3.05569005e-56 8.28593853e-65]]","[6.24658504e-23 8.54634810e-19 8.45696738e-10 9.17769355e-08
 8.19859764e-03 3.29045565e-02 9.17793506e-01 3.29045565e-02
 8.19859764e-03 9.17769355e-08 8.45696738e-10 8.54634810e-19
 6.24658504e-23]","[8.28455593e-33 3.18487381e-28 1.60278468e-17 1.60165538e-10
 5.83553590e-05 3.29046481e-02 9.34073993e-01 3.29046481e-02
 5.83553590e-05 1.60165538e-10 1.60278468e-17 3.19975964e-28
 8.28455593e-33]","[[8.28455593e-33 1.59122307e-28 1.74285011e-21 1.05831396e-18
  5.79896397e-18 4.27317404e-19 6.24658504e-23]
 [1.59365074e-28 1.60243611e-17 8.00827679e-11 3.05338423e-08
  4.58884678e-08 8.45696726e-10 4.27317406e-19]
 [1.74285011e-21 8.00827679e-11 5.82942913e-05 1.64522782e-02
  8.19853658e-03 4.58884678e-08 5.79896394e-18]
 [1.05831396e-18 3.05338423e-08 1.64522782e-02 9.17676918e-01
  1.64522782e-02 3.05338423e-08 1.05831396e-18]
 [5.79896397e-18 4.58884678e-08 8.19853658e-03 1.64522782e-02
  5.82942913e-05 8.00827679e-11 1.74285009e-21]
 [4.27317404e-19 8.45696726e-10 4.58884678e-08 3.05338423e-08
  8.00827679e-11 1.60243611e-17 1.60840825e-28]
 [6.24658504e-23 4.27317406e-19 5.79896394e-18 1.05831396e-18
  1.74285009e-21 1.59135139e-28 8.28455593e-33]]"
0.1415887949632712,0.04223014283980771,0.061640848305120705,0.009906032411638566,"[4.61050604e-48 1.28246771e-39 1.67474670e-20 2.60768793e-16
 2.63709412e-05 4.22559516e-04 9.99102139e-01 4.22559516e-04
 2.63709412e-05 2.60768793e-16 1.67474670e-20 1.28246771e-39
 4.61050604e-48]","[9.95738760e-65 3.77812964e-57 3.81146383e-35 3.80963749e-21
 2.20109540e-09 4.22559516e-04 9.99154877e-01 4.22559516e-04
 2.20109540e-09 3.80963749e-21 3.81146383e-35 3.77856314e-57
 9.95738760e-65]","[[9.95738760e-65 1.88901247e-57 2.67830303e-43 3.22809717e-38
  2.53982651e-37 6.41233855e-40 4.61050604e-48]
 [1.88911718e-57 3.81146377e-35 1.90481874e-21 1.85798043e-16
  1.30384396e-16 1.67474670e-20 6.41233855e-40]
 [2.67830303e-43 1.90481874e-21 2.20109503e-09 2.11279758e-04
  2.63709412e-05 1.30384396e-16 2.53982646e-37]
 [3.22809717e-38 1.85798043e-16 2.11279758e-04 9.99102135e-01
  2.11279758e-04 1.85798043e-16 3.22809715e-38]
 [2.53982651e-37 1.30384396e-16 2.63709412e-05 2.11279758e-04
  2.20109503e-09 1.90481874e-21 2.67830336e-43]
 [6.41233855e-40 1.67474670e-20 1.30384396e-16 1.85798043e-16
  1.90481874e-21 3.81146377e-35 1.88963542e-57]
 [4.61050604e-48 6.41233855e-40 2.53982646e-37 3.22809715e-38
  2.67830336e-43 1.88892772e-57 9.95738760e-65]]","[2.00045452e-24 4.72711097e-20 1.20572980e-10 2.15746965e-08
 4.78502484e-03 2.71447325e-02 9.36140442e-01 2.71447325e-02
 4.78502484e-03 2.15746965e-08 1.20572980e-10 4.72711097e-20
 2.00045452e-24]","[9.29666304e-33 8.11287186e-29 5.75389771e-18 8.13383566e-11
 4.37781866e-05 2.71447540e-02 9.45622935e-01 2.71447540e-02
 4.37781866e-05 8.13383566e-11 5.75389771e-18 8.14972786e-29
 9.29666304e-33]","[[9.29666304e-33 4.05387173e-29 4.82172990e-22 1.68749215e-19
  4.77872854e-19 2.36355548e-20 2.00045452e-24]
 [4.05900013e-29 5.75293336e-18 4.06691781e-11 1.27397861e-08
  1.07873483e-08 1.20572979e-10 2.36355548e-20]
 [4.82172990e-22 4.06691781e-11 4.37527071e-05 1.35723662e-02
  4.78499936e-03 1.07873483e-08 4.77872850e-19]
 [1.68749215e-19 1.27397861e-08 1.35723662e-02 9.36052936e-01
  1.35723662e-02 1.27397861e-08 1.68749214e-19]
 [4.77872854e-19 1.07873483e-08 4.78499936e-03 1.35723662e-02
  4.37527071e-05 4.06691781e-11 4.82173020e-22]
 [2.36355548e-20 1.20572979e-10 1.07873483e-08 1.27397861e-08
  4.06691781e-11 5.75293336e-18 4.09594696e-29]
 [2.00045452e-24 2.36355548e-20 4.77872850e-19 1.68749214e-19
  4.82173020e-22 4.05378090e-29 9.29666304e-33]]"
0.10993002265626708,0.032690853009751,0.04433598178190498,0.005995255803726021,"[3.53570856e-51 3.45068544e-42 3.65355444e-22 1.67443539e-17
 9.33627448e-06 2.81481191e-04 9.99418365e-01 2.81481191e-04
 9.33627448e-06 1.67443539e-17 3.65355444e-22 3.45068544e-42
 3.53570856e-51]","[9.95115448e-65 1.67873176e-58 3.73509018e-36 8.61405504e-22
 1.13873898e-09 2.81481191e-04 9.99437035e-01 2.81481191e-04
 1.13873898e-09 8.61405504e-22 3.73509019e-36 1.67956743e-58
 9.95115448e-65]","[[9.95115448e-65 8.39363528e-59 1.79631501e-44 1.21759613e-39
  1.74351399e-39 1.72534279e-42 3.53570856e-51]
 [8.39368232e-59 3.73509014e-36 4.30702752e-22 3.65685900e-17
  8.37217695e-18 3.65355444e-22 1.72534264e-42]
 [1.79631501e-44 4.30702752e-22 1.13873891e-09 1.40740595e-04
  9.33627448e-06 8.37217695e-18 1.74351401e-39]
 [1.21759613e-39 3.65685900e-17 1.40740595e-04 9.99418363e-01
  1.40740595e-04 3.65685900e-17 1.21759614e-39]
 [1.74351399e-39 8.37217695e-18 9.33627448e-06 1.40740595e-04
  1.13873891e-09 4.30702752e-22 1.79631529e-44]
 [1.72534280e-42 3.65355444e-22 8.37217695e-18 3.65685900e-17
  4.30702752e-22 3.73509015e-36 8.40609881e-59]
 [3.53570856e-51 1.72534265e-42 1.74351401e-39 1.21759614e-39
  1.79631529e-44 8.38957548e-59 9.95115448e-65]]","[5.62817028e-26 2.49043121e-21 1.80925581e-11 5.55408812e-09
 2.89230718e-03 2.24939485e-02 9.49227477e-01 2.24939485e-02
 2.89230718e-03 5.55408812e-09 1.80925581e-11 2.49043121e-21
 5.62817029e-26]","[9.44203776e-33 1.74283902e-29 1.82990438e-18 3.92923920e-11
 3.19751610e-05 2.24939540e-02 9.54948142e-01 2.24939540e-02
 3.19751610e-05 3.92923920e-11 1.82990438e-18 1.76500086e-29
 9.44203776e-33]","[[9.44203776e-33 8.71888052e-30 1.26861973e-22 3.31831871e-20
  4.05253868e-20 1.24521563e-21 5.62817029e-26]
 [8.70950966e-30 1.82965066e-18 1.96461960e-11 5.73527792e-09
  2.77704406e-09 1.80925580e-11 1.24521558e-21]
 [1.26861973e-22 1.96461960e-11 3.19636904e-05 1.12469742e-02
  2.89229571e-03 2.77704406e-09 4.05253870e-20]
 [3.31831871e-20 5.73527792e-09 1.12469742e-02 9.49163550e-01
  1.12469742e-02 5.73527792e-09 3.31831873e-20]
 [4.05253868e-20 2.77704406e-09 2.89229571e-03 1.12469742e-02
  3.19636904e-05 1.96461960e-11 1.26861983e-22]
 [1.24521563e-21 1.80925580e-11 2.77704406e-09 5.73527792e-09
  1.96461960e-11 1.82965066e-18 8.93322563e-30]
 [5.62817028e-26 1.24521558e-21 4.05253870e-20 3.31831873e-20
  1.26861983e-22 8.71678300e-30 9.44203776e-33]]"
0.08684243782945526,0.025751708632080685,0.03286434675760308,0.0036865089317943273,"[2.13753632e-54 8.53242938e-45 8.49831891e-24 1.23804621e-18
 3.44353466e-06 1.89032252e-04 9.99615048e-01 1.89032252e-04
 3.44353466e-06 1.23804621e-18 8.49831891e-24 8.53242796e-45
 2.13770966e-54]","[7.20162952e-65 5.44406522e-60 2.99521392e-37 1.79192855e-22
 5.71190192e-10 1.89032252e-04 9.99621934e-01 1.89032252e-04
 5.71190192e-10 1.79192855e-22 2.99521392e-37 5.45542468e-60
 7.20162952e-65]","[[7.20162952e-65 2.72205241e-60 1.05136945e-45 5.78552318e-41
  1.36020151e-41 4.26620503e-45 2.13770966e-54]
 [2.72201281e-60 2.99521390e-37 8.95964274e-23 7.76437864e-18
  6.19023105e-19 8.49831891e-24 4.26622293e-45]
 [1.05136945e-45 8.95964274e-23 5.71190176e-10 9.45161260e-05
  3.44353466e-06 6.19023105e-19 1.36020166e-41]
 [5.78552318e-41 7.76437864e-18 9.45161260e-05 9.99615047e-01
  9.45161260e-05 7.76437864e-18 5.78552316e-41]
 [1.36020151e-41 6.19023105e-19 3.44353466e-06 9.45161260e-05
  5.71190176e-10 8.95964274e-23 1.05136942e-45]
 [4.26620574e-45 8.49831891e-24 6.19023105e-19 7.76437864e-18
  8.95964274e-23 2.99521390e-37 2.73537105e-60]
 [2.13753632e-54 4.26622364e-45 1.36020166e-41 5.78552316e-41
  1.05136942e-45 2.72005363e-60 7.20162952e-65]]","[1.39990690e-27 1.25249433e-22 2.79136152e-12 1.52641406e-09
 1.77687773e-03 1.86391272e-02 9.59167987e-01 1.86391272e-02
 1.77687773e-03 1.52641406e-09 2.79136152e-12 1.25249423e-22
 1.39996367e-27]","[8.12564402e-33 3.23998768e-30 5.24200295e-19 1.81284646e-11
 2.29015802e-05 1.86391287e-02 9.62675939e-01 1.86391287e-02
 2.29015802e-05 1.81284646e-11 5.24200295e-19 3.22503616e-30
 8.12564402e-33]","[[8.12564402e-33 1.62028201e-30 3.10475512e-23 7.29886838e-21
  3.65356930e-21 6.26246464e-23 1.39996367e-27]
 [1.61970567e-30 5.24138200e-19 9.06423231e-12 2.67128572e-09
  7.63207029e-10 2.79136151e-12 6.26247763e-23]
 [3.10475512e-23 9.06423231e-12 2.28962376e-05 9.31956359e-03
  1.77687239e-03 7.63207029e-10 3.65356946e-21]
 [7.29886838e-21 2.67128572e-09 9.31956359e-03 9.59122195e-01
  9.31956359e-03 2.67128572e-09 7.29886837e-21]
 [3.65356930e-21 7.63207029e-10 1.77687239e-03 9.31956359e-03
  2.28962376e-05 9.06423231e-12 3.10475507e-23]
 [6.26246517e-23 2.79136151e-12 7.63207029e-10 2.67128572e-09
  9.06423231e-12 5.24138200e-19 1.60533429e-30]
 [1.39990690e-27 6.26247817e-23 3.65356945e-21 7.29886837e-21
  3.10475508e-23 1.61970187e-30 8.12564402e-33]]"
0.06919270417858209,0.020466222178202237,0.02483403641687025,0.0022764697878628615,"[9.96996605e-58 1.89957168e-47 1.99355138e-25 1.00196402e-19
 1.28818722e-06 1.26794050e-04 9.99743836e-01 1.26794050e-04
 1.28818722e-06 1.00196402e-19 1.99355138e-25 1.89956826e-47
 9.96981932e-58]","[9.96542309e-65 1.31096151e-61 1.98397796e-38 3.41250956e-23
 2.78112364e-10 1.26794050e-04 9.99746411e-01 1.26794050e-04
 2.78112364e-10 3.41250956e-23 1.98397796e-38 1.31848911e-61
 9.96542309e-65]","[[9.96542309e-65 6.47240364e-62 5.16996004e-47 2.89922555e-42
  1.28426987e-43 9.49784829e-48 9.96981932e-58]
 [6.63721142e-62 1.98397795e-38 1.70625478e-23 1.67921869e-18
  5.00982012e-20 1.99355138e-25 9.49783434e-48]
 [5.16996004e-47 1.70625478e-23 2.78112361e-10 6.33970249e-05
  1.28818722e-06 5.00982012e-20 1.28427007e-43]
 [2.89922555e-42 1.67921869e-18 6.33970249e-05 9.99743835e-01
  6.33970249e-05 1.67921869e-18 2.89922521e-42]
 [1.28426987e-43 5.00982012e-20 1.28818722e-06 6.33970249e-05
  2.78112361e-10 1.70625478e-23 5.16995687e-47]
 [9.49790431e-48 1.99355138e-25 5.00982012e-20 1.67921869e-18
  1.70625478e-23 1.98397795e-38 6.72082452e-62]
 [9.96996605e-58 9.49781246e-48 1.28427007e-43 2.89922521e-42
  5.16995686e-47 6.46406655e-62 9.96542309e-65]]","[3.05015448e-29 5.96131754e-24 4.31312673e-13 4.37355631e-10
 1.09640428e-03 1.53956609e-02 9.67015869e-01 1.53956609e-02
 1.09640428e-03 4.37355631e-10 4.31312673e-13 5.96131220e-24
 3.05013203e-29]","[9.64323757e-33 5.89173671e-31 1.36106092e-19 7.98100117e-12
 1.61183254e-05 1.53956614e-02 9.69176441e-01 1.53956614e-02
 1.61183254e-05 7.98100117e-12 1.36106092e-19 5.66487958e-31
 9.64323757e-33]","[[9.64323757e-33 2.93026461e-31 6.94581972e-24 1.64638396e-21
  3.59486496e-22 2.98065714e-24 3.05013203e-29]
 [2.96147210e-31 1.36092200e-19 3.99050058e-12 1.25268132e-09
  2.18677815e-10 4.31312672e-13 2.98065506e-24]
 [6.94582124e-24 3.99050058e-12 1.61158200e-05 7.69783046e-03
  1.09640177e-03 2.18677815e-10 3.59486526e-22]
 [1.64638397e-21 1.25268132e-09 7.69783046e-03 9.66983637e-01
  7.69783046e-03 1.25268132e-09 1.64638387e-21]
 [3.59486497e-22 2.18677815e-10 1.09640177e-03 7.69783046e-03
  1.61158200e-05 3.99050058e-12 6.94581757e-24]
 [2.98066592e-24 4.31312672e-13 2.18677815e-10 1.25268132e-09
  3.99050058e-12 1.36092200e-19 2.73620442e-31]
 [3.05015448e-29 2.98065162e-24 3.59486526e-22 1.64638387e-21
  6.94581759e-24 2.92867517e-31 9.64323757e-33]]"
0.05527243480918784,0.016313749233728123,0.018986743842623277,0.0014000271140237192,"[3.41389791e-61 3.69054436e-50 4.47246672e-27 8.48603997e-21
 4.79731263e-07 8.43632773e-05 9.99830314e-01 8.43632773e-05
 4.79731263e-07 8.48603997e-21 4.47246672e-27 3.69054445e-50
 3.41393568e-61]","[4.58759182e-65 2.76631237e-63 1.08277040e-39 5.88890578e-24
 1.31067064e-10 8.43632773e-05 9.99831273e-01 8.43632773e-05
 1.31067064e-10 5.88890578e-24 1.08277036e-39 2.82655024e-63
 4.58759182e-65]","[[4.58759182e-65 1.32073371e-63 2.06287513e-48 1.35952757e-43
  1.48244219e-45 1.84525259e-50 3.41393568e-61]
 [1.44557867e-63 1.08277039e-39 2.94445289e-24 3.55700805e-19
  4.24301998e-21 4.47246672e-27 1.84529186e-50]
 [2.06287513e-48 2.94445289e-24 1.31067064e-10 4.21816386e-05
  4.79731263e-07 4.24301998e-21 1.48244165e-45]
 [1.35952757e-43 3.55700805e-19 4.21816386e-05 9.99830314e-01
  4.21816386e-05 3.55700805e-19 1.35952746e-43]
 [1.48244219e-45 4.24301998e-21 4.79731263e-07 4.21816386e-05
  1.31067064e-10 2.94445289e-24 2.06288241e-48]
 [1.84525248e-50 4.47246672e-27 4.24301998e-21 3.55700805e-19
  2.94445289e-24 1.08277035e-39 1.47631176e-63]
 [3.41389791e-61 1.84529189e-50 1.48244165e-45 1.35952746e-43
  2.06288241e-48 1.35023848e-63 4.58759182e-65]]","[5.68359349e-31 2.64583453e-25 6.50538319e-14 1.27891868e-10
 6.73751883e-04 1.26429052e-02 9.73366686e-01 1.26429052e-02
 6.73751883e-04 1.27891868e-10 6.50538319e-14 2.64584272e-25
 5.68362493e-31]","[6.58855428e-33 1.33625982e-31 3.20178510e-20 3.33849803e-12
 1.11405923e-05 1.26429053e-02 9.74691908e-01 1.26429053e-02
 1.11405923e-05 3.33849803e-12 3.20178504e-20 1.20686737e-31
 6.58855428e-33]","[[6.58855428e-33 6.50779405e-32 1.39713253e-24 3.58826624e-22
  3.86476142e-23 1.32291033e-25 5.68362493e-31]
 [6.85480411e-32 3.20150567e-20 1.66924901e-12 5.80398184e-10
  6.39459339e-11 6.50538318e-14 1.32293239e-25]
 [1.39714148e-24 1.66924901e-12 1.11394315e-05 6.32145259e-03
  6.73750722e-04 6.39459339e-11 3.86476134e-23]
 [3.58826627e-22 5.80398184e-10 6.32145259e-03 9.73344407e-01
  6.32145259e-03 5.80398184e-10 3.58826611e-22]
 [3.86476196e-23 6.39459339e-11 6.73750722e-04 6.32145259e-03
  1.11394315e-05 1.66924901e-12 1.39713546e-24]
 [1.32291027e-25 6.50538318e-14 6.39459339e-11 5.80398184e-10
  1.66924901e-12 3.20150561e-20 5.51773063e-32]
 [5.68359349e-31 1.32292426e-25 3.86476103e-23 3.58826611e-22
  1.39713499e-24 6.55094309e-32 6.58855428e-33]]"
0.04405958114164181,0.01298119834682502,0.01459962255197364,0.0008516380428860992,"[4.79430322e-65 6.01030718e-53 9.11894424e-29 7.21290014e-22
 1.75204010e-07 5.53456185e-05 9.99888958e-01 5.53456185e-05
 1.75204010e-07 7.21290014e-22 9.11894424e-29 6.01030617e-53
 4.17543995e-62]","[4.78676651e-65 5.43778190e-64 4.80902486e-41 9.07098482e-25
 5.94448593e-11 5.53456185e-05 9.99889309e-01 5.53456185e-05
 5.94448593e-11 9.07098482e-25 4.80902508e-41 4.90017726e-64
 4.78676651e-65]","[[4.78676651e-65 2.87205991e-64 6.43451672e-50 5.48964170e-45
  1.91861101e-47 3.00489246e-53 4.17543995e-62]
 [2.56572200e-64 4.80902485e-41 4.53549241e-25 7.15724518e-20
  3.60645007e-22 9.11894424e-29 3.00541371e-53]
 [6.43451673e-50 4.53549241e-25 5.94448591e-11 2.76728093e-05
  1.75204010e-07 3.60645007e-22 1.91861911e-47]
 [5.48964170e-45 7.15724518e-20 2.76728093e-05 9.99888958e-01
  2.76728093e-05 7.15724518e-20 5.48964439e-45]
 [1.91861101e-47 3.60645007e-22 1.75204010e-07 2.76728093e-05
  5.94448591e-11 4.53549241e-25 6.43456325e-50]
 [3.00489283e-53 9.11894424e-29 3.60645007e-22 7.15724518e-20
  4.53549241e-25 4.80902506e-41 2.05101361e-64]
 [4.79430322e-65 3.00541435e-53 1.91861911e-47 5.48964439e-45
  6.43456294e-50 2.84916365e-64 4.78676651e-65]]","[6.77322234e-33 1.07376619e-26 9.34126150e-15 3.74100522e-11
 4.09455217e-04 1.02961249e-02 9.78588840e-01 1.02961249e-02
 4.09455217e-04 3.74100522e-11 9.34126150e-15 1.07376693e-26
 1.99886611e-31]","[6.76789645e-33 7.85056774e-32 6.78542411e-21 1.31761690e-12
 7.54400032e-06 1.02961249e-02 9.79392662e-01 1.02961249e-02
 7.54400032e-06 1.31761690e-12 6.78542427e-21 7.11270315e-32
 6.76789645e-33]","[[6.76789645e-33 4.06073787e-32 2.48137835e-25 7.24939202e-23
  4.37115804e-24 5.36861328e-27 1.99886611e-31]
 [3.78982987e-32 6.78492783e-21 6.58808452e-13 2.61768291e-10
  1.87050261e-11 9.34126149e-15 5.36905598e-27]
 [2.48138052e-25 6.58808452e-13 7.54347678e-06 5.14806245e-03
  4.09454693e-04 1.87050261e-11 4.37116636e-24]
 [7.24939206e-23 2.61768291e-10 5.14806245e-03 9.78573753e-01
  5.14806245e-03 2.61768291e-10 7.24939399e-23]
 [4.37115804e-24 1.87050261e-11 4.09454693e-04 5.14806245e-03
  7.54347678e-06 6.58808452e-13 2.48139682e-25]
 [5.36861050e-27 9.34126149e-15 1.87050261e-11 2.61768291e-10
  6.58808452e-13 6.78492799e-21 3.06834980e-32]
 [6.77322234e-33 5.36905138e-27 4.37116626e-24 7.24939378e-23
  2.48138728e-25 4.04435334e-32 6.76789645e-33]]"
0.03490043298083477,0.01026788224610619,0.011230828464939273,0.0005090769770942083,"[8.87949860e-65 7.79732074e-56 1.60461473e-30 5.90244332e-23
 6.18839900e-08 3.55845069e-05 9.99928707e-01 3.55845069e-05
 6.18839900e-08 5.90244332e-23 1.60461473e-30 7.79731736e-56
 6.98968032e-67]","[9.96733738e-65 1.09928069e-63 1.69995068e-42 1.22209464e-25
 2.57333278e-11 3.55845069e-05 9.99928831e-01 3.55845069e-05
 2.57333278e-11 1.22209464e-25 1.69995056e-42 9.00048303e-64
 9.96733738e-65]","[[9.96733738e-65 5.98040203e-64 1.50154674e-51 1.78394846e-46
  2.41105203e-49 3.90124169e-56 6.98968032e-67]
 [5.01240484e-64 1.69995068e-42 6.11047322e-26 1.33053679e-20
  2.95122166e-23 1.60461473e-30 3.89607567e-56]
 [1.50154675e-51 6.11047322e-26 2.57333278e-11 1.77922534e-05
  6.18839900e-08 2.95122166e-23 2.41112103e-49]
 [1.78394846e-46 1.33053679e-20 1.77922534e-05 9.99928707e-01
  1.77922534e-05 1.33053679e-20 1.78395141e-46]
 [2.41105203e-49 2.95122166e-23 6.18839900e-08 1.77922534e-05
  2.57333278e-11 6.11047322e-26 1.50157625e-51]
 [3.90124201e-56 1.60461473e-30 2.95122166e-23 1.33053679e-20
  6.11047322e-26 1.69995055e-42 4.01460647e-64]
 [8.87949860e-65 3.89607873e-56 2.41112103e-49 1.78395141e-46
  1.50156424e-51 4.98587656e-64 9.96733738e-65]]","[9.26010026e-33 3.88620230e-28 1.24482161e-15 1.07283964e-11
 2.44462182e-04 8.29276508e-03 9.82925545e-01 8.29276508e-03
 2.44462182e-04 1.07283964e-11 1.24482161e-15 3.88611253e-28
 8.21580502e-34]","[9.81094965e-33 1.09432622e-31 1.28156950e-21 4.85845842e-13
 4.98590482e-06 8.29276509e-03 9.83404498e-01 8.29276509e-03
 4.98590482e-06 4.85845842e-13 1.28156945e-21 9.04686751e-32
 9.81094965e-33]","[[9.81094965e-33 5.88656959e-32 3.80797282e-26 1.31269702e-23
  4.87603714e-25 1.94367268e-28 8.21580502e-34]
 [5.05669263e-32 1.28149334e-21 2.42922921e-13 1.13371070e-10
  5.36419820e-12 1.24482161e-15 1.94243985e-28]
 [3.80799040e-26 2.42922921e-13 4.98567808e-06 4.14638254e-03
  2.44461956e-04 5.36419820e-12 4.87611287e-25]
 [1.31269712e-23 1.13371070e-10 4.14638254e-03 9.82915574e-01
  4.14638254e-03 1.13371070e-10 1.31269812e-23]
 [4.87603715e-25 5.36419820e-12 2.44461956e-04 4.14638254e-03
  4.98567808e-06 2.42922921e-13 3.80801938e-26]
 [1.94375371e-28 1.24482161e-15 5.36419820e-12 1.13371070e-10
  2.42922921e-13 1.28149329e-21 4.09521755e-32]
 [9.26010026e-33 1.94244859e-28 4.87611277e-25 1.31269811e-23
  3.80799501e-26 4.95164996e-32 9.81094965e-33]]"
0.027355545733519296,0.008038929058586022,0.008597931013676854,0.0002969575928368669,"[9.96762105e-65 7.54987801e-59 2.30326730e-32 4.45078538e-24
 2.08341138e-08 2.22723266e-05 9.99955414e-01 2.22723266e-05
 2.08341138e-08 4.45078538e-24 2.30326730e-32 7.54461630e-59
 9.96762105e-65]","[9.96762105e-65 1.10595223e-63 4.62362702e-44 1.40204009e-26
 1.05157364e-11 2.22723266e-05 9.99955455e-01 2.22723266e-05
 1.05157364e-11 1.40204009e-26 4.62362725e-44 1.19628991e-63
 9.96762105e-65]","[[9.96762105e-65 5.98057263e-64 2.48187528e-53 4.36868409e-48
  2.54841015e-51 3.77365936e-59 9.96762105e-65]
 [5.07894968e-64 4.62362702e-44 7.01020043e-27 2.22020424e-21
  2.22539269e-24 2.30326730e-32 3.77095694e-59]
 [2.48187701e-53 7.01020043e-27 1.05157364e-11 1.11361633e-05
  2.08341138e-08 2.22539269e-24 2.54843097e-51]
 [4.36868455e-48 2.22020424e-21 1.11361633e-05 9.99955414e-01
  1.11361633e-05 2.22020424e-21 4.36867744e-48]
 [2.54841022e-51 2.22539269e-24 2.08341138e-08 1.11361633e-05
  1.05157364e-11 7.01020043e-27 2.48194243e-53]
 [3.77533817e-59 2.30326730e-32 2.22539269e-24 2.22020424e-21
  7.01020043e-27 4.62362724e-44 5.98232645e-64]
 [9.96762105e-65 3.77453983e-59 2.54843093e-51 4.36867747e-48
  2.48194219e-53 5.98057263e-64 9.96762105e-65]]","[9.84817093e-33 1.22195559e-29 1.49703546e-16 2.95218576e-12
 1.42379671e-04 6.58495341e-03 9.86545334e-01 6.58495341e-03
 1.42379671e-04 2.95218576e-12 1.49703546e-16 1.22145097e-29
 9.84817093e-33]","[9.84817093e-33 1.08861715e-31 2.12147339e-22 1.65181473e-13
 3.19909887e-06 6.58495342e-03 9.86823695e-01 6.58495342e-03
 3.19909887e-06 1.65181473e-13 2.12147343e-22 1.18186684e-31
 9.84817093e-33]","[[9.84817093e-33 5.90890256e-32 4.91430357e-27 2.06188223e-24
  5.00389678e-26 6.10791786e-30 9.84817093e-33]
 [4.97726893e-32 2.12137506e-22 8.25907363e-14 4.64833140e-11
  1.47609288e-12 1.49703546e-16 6.10659179e-30]
 [4.91842481e-27 8.25907363e-14 3.19900590e-06 3.29247671e-03
  1.42379578e-04 1.47609288e-12 5.00391863e-26]
 [2.06188234e-24 4.64833140e-11 3.29247671e-03 9.86538936e-01
  3.29247671e-03 4.64833140e-11 2.06188066e-24]
 [5.00404626e-26 1.47609288e-12 1.42379578e-04 3.29247671e-03
  3.19900590e-06 8.25907363e-14 4.91590988e-27]
 [6.11010964e-30 1.49703546e-16 1.47609288e-12 4.64833140e-11
  8.25907363e-14 2.12137512e-22 5.90976584e-32]
 [9.84817093e-33 6.10944628e-30 5.00391835e-26 2.06188067e-24
  4.91436982e-27 5.90890256e-32 9.84817093e-33]]"
